,Season,Squad,W,D,L,GF,GA,Pts,Sh,SoT,FK,PK,Cmp,Att,Cmp%,CK,CrdY,CrdR,Fls,PKcon,OG
0,2023/2024,Manchester City,28,7,3,96,34,91,647.0,209.0,6.0,10.0,19094.0,22558.0,84.6,265.0,64.0,2.0,391.0,3.0,1.0
1,2023/2024,Arsenal,28,5,5,91,29,89,511.0,182.0,15.0,4.0,16133.0,19363.0,83.3,231.0,94.0,2.0,412.0,2.0,4.0
2,2023/2024,Liverpool,24,10,4,86,41,82,539.0,175.0,18.0,2.0,11899.0,15920.0,74.7,235.0,79.0,3.0,507.0,7.0,1.0
3,2023/2024,Aston Villa,20,8,10,76,61,68,470.0,159.0,17.0,3.0,12551.0,16818.0,74.6,184.0,89.0,2.0,385.0,2.0,0.0
4,2023/2024,Tottenham,20,6,12,74,61,66,555.0,198.0,11.0,5.0,21810.0,25029.0,87.1,206.0,90.0,3.0,414.0,6.0,2.0
5,2023/2024,Chelsea,18,9,11,77,63,63,430.0,137.0,13.0,3.0,13937.0,17959.0,77.6,180.0,77.0,7.0,429.0,7.0,3.0
6,2023/2024,Newcastle Utd,18,6,14,85,62,60,537.0,194.0,22.0,11.0,20039.0,23364.0,85.8,202.0,109.0,4.0,446.0,5.0,3.0
7,2023/2024,Manchester Utd,18,6,14,57,58,60,452.0,162.0,20.0,4.0,12915.0,16754.0,77.1,178.0,73.0,2.0,457.0,3.0,2.0
8,2023/2024,West Ham,14,10,14,60,74,52,504.0,152.0,14.0,2.0,11349.0,15514.0,73.2,181.0,82.0,1.0,457.0,8.0,3.0
9,2023/2024,Crystal Palace,13,10,15,57,58,49,499.0,175.0,14.0,2.0,16311.0,20237.0,80.6,212.0,84.0,4.0,384.0,8.0,4.0
10,2023/2024,Brighton,12,12,14,55,62,48,781.0,263.0,18.0,6.0,20376.0,24379.0,83.6,287.0,69.0,5.0,463.0,1.0,2.0
11,2023/2024,Bournemouth,13,9,16,54,67,48,427.0,134.0,11.0,5.0,11048.0,15099.0,73.2,203.0,71.0,0.0,443.0,4.0,4.0
12,2023/2024,Fulham,13,8,17,55,61,47,683.0,264.0,25.0,9.0,24616.0,27758.0,88.7,286.0,53.0,2.0,289.0,3.0,1.0
13,2023/2024,Wolves,13,7,18,50,65,46,543.0,182.0,15.0,6.0,15788.0,19542.0,80.8,224.0,83.0,1.0,401.0,7.0,1.0
14,2023/2024,Everton,13,9,16,40,51,42,542.0,196.0,9.0,8.0,16116.0,19855.0,81.2,192.0,79.0,1.0,386.0,5.0,1.0
15,2023/2024,Brentford,10,9,19,56,65,39,450.0,143.0,7.0,1.0,11873.0,15673.0,75.8,148.0,82.0,3.0,428.0,4.0,2.0
16,2023/2024,Nott'ham Forest,9,9,20,49,67,32,360.0,117.0,8.0,5.0,9521.0,13498.0,70.5,141.0,101.0,5.0,423.0,7.0,7.0
17,2023/2024,Luton Town,6,8,24,52,85,26,582.0,207.0,11.0,2.0,20649.0,24197.0,85.3,234.0,92.0,4.0,425.0,7.0,3.0
18,2023/2024,Burnley,5,9,24,41,78,24,445.0,146.0,17.0,4.0,12568.0,16373.0,76.8,165.0,82.0,3.0,390.0,10.0,4.0
19,2023/2024,Sheffield Utd,3,7,28,35,104,16,425.0,153.0,12.0,4.0,15484.0,19175.0,80.8,156.0,102.0,4.0,476.0,8.0,1.0
0,2022/2023,Manchester City,28,5,5,94,33,89,589.0,194.0,16.0,3.0,18281.0,21969.0,83.2,223.0,51.0,0.0,373.0,5.0,1.0
1,2022/2023,Arsenal,26,6,6,88,43,84,427.0,145.0,18.0,3.0,13782.0,17396.0,79.2,162.0,80.0,1.0,417.0,6.0,4.0
2,2022/2023,Manchester Utd,23,6,9,58,43,75,358.0,126.0,14.0,0.0,11715.0,15381.0,76.2,144.0,68.0,0.0,391.0,7.0,3.0
3,2022/2023,Newcastle Utd,19,14,5,68,33,71,400.0,147.0,14.0,7.0,11317.0,15551.0,72.8,163.0,57.0,1.0,354.0,2.0,3.0
4,2022/2023,Liverpool,19,10,9,75,47,67,607.0,219.0,12.0,6.0,19210.0,22888.0,83.9,233.0,58.0,0.0,427.0,8.0,6.0
5,2022/2023,Brighton,18,8,12,72,53,62,481.0,151.0,10.0,3.0,19147.0,22836.0,83.8,209.0,81.0,3.0,397.0,1.0,3.0
6,2022/2023,Aston Villa,18,7,13,51,46,61,423.0,133.0,23.0,1.0,13395.0,17308.0,77.4,186.0,82.0,3.0,446.0,4.0,3.0
7,2022/2023,Tottenham,18,6,14,70,63,60,426.0,143.0,12.0,3.0,11790.0,15783.0,74.7,174.0,81.0,2.0,396.0,6.0,0.0
8,2022/2023,Brentford,15,14,9,58,46,59,420.0,137.0,17.0,5.0,13974.0,18014.0,77.6,182.0,80.0,1.0,411.0,8.0,2.0
9,2022/2023,Fulham,15,7,16,55,53,52,459.0,141.0,19.0,1.0,12437.0,16924.0,73.5,199.0,89.0,3.0,467.0,6.0,1.0
10,2022/2023,Crystal Palace,11,12,15,40,49,45,412.0,142.0,14.0,3.0,14887.0,18871.0,78.9,135.0,63.0,2.0,410.0,5.0,5.0
11,2022/2023,Chelsea,11,11,16,38,47,44,601.0,203.0,7.0,2.0,20043.0,24361.0,82.3,235.0,57.0,1.0,405.0,4.0,2.0
12,2022/2023,Wolves,11,8,19,31,58,41,590.0,205.0,20.0,9.0,23263.0,26642.0,87.3,238.0,44.0,1.0,347.0,3.0,1.0
13,2022/2023,West Ham,11,7,20,42,55,40,590.0,206.0,20.0,3.0,16603.0,20525.0,80.9,196.0,78.0,2.0,424.0,3.0,1.0
14,2022/2023,Bournemouth,11,6,21,37,71,39,565.0,184.0,15.0,6.0,13925.0,17837.0,78.1,270.0,61.0,1.0,406.0,5.0,2.0
15,2022/2023,Nott'ham Forest,9,11,18,38,68,38,362.0,111.0,9.0,3.0,9543.0,13606.0,70.1,128.0,84.0,0.0,445.0,9.0,0.0
16,2022/2023,Everton,8,12,18,34,57,36,413.0,132.0,17.0,2.0,12319.0,16391.0,75.2,157.0,73.0,0.0,430.0,3.0,5.0
17,2022/2023,Leicester City,9,7,22,51,68,34,512.0,186.0,14.0,5.0,15972.0,19672.0,81.2,203.0,77.0,3.0,424.0,4.0,1.0
18,2022/2023,Leeds United,7,10,21,48,78,31,466.0,133.0,13.0,6.0,12369.0,16357.0,75.6,206.0,44.0,0.0,362.0,6.0,1.0
19,2022/2023,Southampton,6,7,25,36,73,25,409.0,119.0,18.0,3.0,14554.0,18294.0,79.6,185.0,85.0,6.0,463.0,4.0,1.0
0,2021/2022,Manchester City,29,6,3,99,26,93,581.0,186.0,21.0,5.0,16176.0,19843.0,81.5,208.0,67.0,4.0,365.0,6.0,1.0
1,2021/2022,Liverpool,28,8,2,94,26,92,461.0,159.0,20.0,3.0,12748.0,16499.0,77.3,196.0,81.0,2.0,401.0,6.0,2.0
2,2021/2022,Chelsea,21,11,6,76,33,74,436.0,141.0,11.0,6.0,11676.0,16272.0,71.8,159.0,65.0,3.0,371.0,5.0,2.0
3,2021/2022,Tottenham,22,5,11,69,40,71,482.0,141.0,15.0,4.0,16410.0,20588.0,79.7,200.0,72.0,2.0,393.0,4.0,0.0
4,2021/2022,Arsenal,22,3,13,61,48,69,405.0,119.0,14.0,1.0,9454.0,14107.0,67.0,183.0,68.0,2.0,394.0,5.0,2.0
5,2021/2022,Manchester Utd,16,10,12,57,57,58,583.0,200.0,26.0,8.0,21190.0,24888.0,85.1,241.0,63.0,1.0,409.0,6.0,1.0
6,2021/2022,West Ham,16,8,14,60,51,56,404.0,140.0,13.0,6.0,14983.0,19081.0,78.5,175.0,69.0,1.0,414.0,4.0,2.0
7,2021/2022,Leicester City,14,10,14,62,59,52,430.0,130.0,18.0,6.0,10366.0,14557.0,71.2,161.0,82.0,6.0,368.0,2.0,5.0
8,2021/2022,Brighton,12,15,11,42,44,51,480.0,142.0,13.0,5.0,13989.0,18288.0,76.5,170.0,101.0,3.0,469.0,5.0,1.0
9,2021/2022,Wolves,15,6,17,38,43,51,433.0,164.0,14.0,2.0,16129.0,20137.0,80.1,185.0,55.0,1.0,356.0,9.0,1.0
10,2021/2022,Newcastle Utd,13,10,15,44,62,49,721.0,237.0,13.0,7.0,21163.0,25552.0,82.8,282.0,50.0,1.0,363.0,0.0,1.0
11,2021/2022,Crystal Palace,11,15,12,50,46,48,704.0,237.0,17.0,7.0,24406.0,27902.0,87.5,316.0,42.0,1.0,321.0,1.0,0.0
12,2021/2022,Brentford,13,7,18,48,56,46,503.0,179.0,19.0,3.0,16690.0,20641.0,80.9,197.0,77.0,2.0,396.0,5.0,3.0
13,2021/2022,Aston Villa,13,6,19,52,54,45,446.0,142.0,15.0,3.0,10201.0,14036.0,72.7,160.0,81.0,2.0,392.0,6.0,2.0
14,2021/2022,Southampton,9,13,16,43,67,40,370.0,104.0,18.0,3.0,12164.0,16070.0,75.7,165.0,57.0,1.0,356.0,12.0,2.0
15,2021/2022,Everton,11,6,21,43,66,39,478.0,161.0,24.0,4.0,12505.0,16941.0,73.8,233.0,65.0,2.0,402.0,2.0,2.0
16,2021/2022,Leeds United,9,11,18,42,79,38,486.0,185.0,16.0,5.0,17204.0,20696.0,83.1,193.0,69.0,1.0,386.0,2.0,1.0
17,2021/2022,Burnley,7,14,17,34,53,35,397.0,123.0,24.0,1.0,10423.0,14640.0,71.2,161.0,63.0,3.0,442.0,7.0,3.0
18,2021/2022,Watford,6,5,27,34,77,23,443.0,142.0,13.0,4.0,14326.0,18378.0,78.0,200.0,52.0,3.0,323.0,6.0,2.0
19,2021/2022,Norwich City,5,7,26,23,84,22,401.0,133.0,13.0,1.0,15253.0,19103.0,79.8,168.0,62.0,2.0,366.0,10.0,1.0
0,2020/2021,Manchester City,27,5,6,83,32,86,453.0,140.0,23.0,6.0,18041.0,21807.0,82.7,207.0,49.0,5.0,346.0,3.0,4.0
1,2020/2021,Manchester Utd,21,11,6,73,44,74,514.0,178.0,16.0,5.0,12938.0,16996.0,76.1,213.0,71.0,4.0,439.0,6.0,1.0
2,2020/2021,Liverpool,20,9,9,68,42,69,478.0,134.0,15.0,6.0,15772.0,19871.0,79.4,219.0,49.0,6.0,428.0,7.0,2.0
3,2020/2021,Chelsea,19,10,9,58,36,67,381.0,124.0,15.0,3.0,10825.0,15562.0,69.6,172.0,48.0,0.0,384.0,3.0,1.0
4,2020/2021,Leicester City,20,6,12,68,50,66,546.0,193.0,16.0,8.0,21969.0,25799.0,85.2,226.0,51.0,3.0,433.0,4.0,1.0
5,2020/2021,West Ham,19,8,11,62,47,65,345.0,127.0,18.0,3.0,11627.0,15597.0,74.5,151.0,56.0,2.0,409.0,4.0,0.0
6,2020/2021,Tottenham,18,8,12,68,45,62,395.0,143.0,15.0,4.0,14792.0,18696.0,79.1,167.0,59.0,2.0,386.0,4.0,1.0
7,2020/2021,Arsenal,18,7,13,55,39,61,436.0,125.0,12.0,3.0,15401.0,19512.0,78.9,164.0,67.0,3.0,484.0,7.0,1.0
8,2020/2021,Leeds United,18,5,15,62,54,59,518.0,193.0,9.0,4.0,16284.0,20629.0,78.9,229.0,61.0,1.0,432.0,9.0,2.0
9,2020/2021,Everton,17,8,13,47,48,59,473.0,170.0,20.0,10.0,17014.0,21216.0,80.2,212.0,61.0,0.0,413.0,4.0,2.0
10,2020/2021,Aston Villa,16,7,15,55,46,55,602.0,204.0,22.0,6.0,21929.0,26226.0,83.6,257.0,40.0,0.0,396.0,8.0,0.0
11,2020/2021,Newcastle Utd,12,9,17,46,62,45,590.0,211.0,21.0,5.0,23819.0,27167.0,87.7,247.0,46.0,2.0,361.0,10.0,1.0
12,2020/2021,Wolves,12,9,17,36,52,45,515.0,196.0,21.0,10.0,18800.0,22624.0,83.1,197.0,64.0,1.0,452.0,4.0,2.0
13,2020/2021,Crystal Palace,12,8,18,41,66,44,390.0,130.0,25.0,6.0,10839.0,14709.0,73.7,161.0,65.0,3.0,388.0,5.0,3.0
14,2020/2021,Southampton,12,7,19,47,68,43,319.0,92.0,5.0,3.0,12146.0,16264.0,74.7,170.0,73.0,3.0,459.0,4.0,3.0
15,2020/2021,Brighton,9,14,15,40,46,41,418.0,157.0,20.0,5.0,14928.0,19288.0,77.4,177.0,52.0,3.0,428.0,9.0,1.0
16,2020/2021,Burnley,10,9,19,33,55,39,438.0,167.0,35.0,5.0,16508.0,20571.0,80.2,168.0,57.0,2.0,440.0,10.0,3.0
17,2020/2021,Fulham,5,13,20,27,53,28,335.0,106.0,16.0,4.0,9769.0,13978.0,69.9,144.0,51.0,4.0,404.0,11.0,3.0
18,2020/2021,West Brom,5,11,22,35,76,26,464.0,158.0,17.0,2.0,12725.0,16901.0,75.3,167.0,50.0,3.0,375.0,5.0,4.0
19,2020/2021,Sheffield Utd,7,2,29,20,63,23,459.0,149.0,18.0,4.0,15548.0,19225.0,80.9,208.0,55.0,1.0,426.0,8.0,3.0
0,2019/2020,Liverpool,32,3,3,85,33,99,403.0,146.0,19.0,3.0,16634.0,20410.0,81.5,231.0,88.0,5.0,421.0,8.0,0.0
1,2019/2020,Manchester City,26,3,9,102,35,81,453.0,147.0,21.0,1.0,11652.0,15672.0,74.3,200.0,70.0,1.0,451.0,6.0,1.0
2,2019/2020,Manchester Utd,18,12,8,66,36,66,385.0,117.0,21.0,4.0,12042.0,16387.0,73.5,194.0,78.0,3.0,369.0,6.0,0.0
3,2019/2020,Chelsea,20,6,12,69,54,66,460.0,139.0,11.0,1.0,15881.0,20056.0,79.2,178.0,59.0,2.0,386.0,2.0,2.0
4,2019/2020,Leicester City,18,8,12,67,41,62,384.0,124.0,18.0,3.0,10049.0,14694.0,68.4,170.0,67.0,0.0,412.0,5.0,1.0
5,2019/2020,Tottenham,16,11,11,61,47,59,618.0,210.0,29.0,7.0,20958.0,25213.0,83.1,247.0,60.0,0.0,386.0,2.0,3.0
6,2019/2020,Wolves,15,14,9,51,40,59,373.0,115.0,15.0,3.0,12274.0,16395.0,74.9,177.0,62.0,2.0,424.0,1.0,2.0
7,2019/2020,Arsenal,14,14,10,56,48,56,468.0,159.0,20.0,1.0,13433.0,17736.0,75.7,203.0,76.0,3.0,472.0,4.0,3.0
8,2019/2020,Sheffield Utd,14,12,12,39,39,54,533.0,183.0,20.0,5.0,17600.0,21800.0,80.7,221.0,43.0,3.0,418.0,10.0,2.0
9,2019/2020,Burnley,15,9,14,43,50,54,586.0,224.0,20.0,5.0,21276.0,25891.0,82.2,257.0,38.0,1.0,331.0,1.0,1.0
10,2019/2020,Southampton,15,7,16,51,60,52,735.0,250.0,27.0,6.0,24557.0,28190.0,87.1,298.0,64.0,4.0,362.0,3.0,1.0
11,2019/2020,Everton,13,10,15,44,56,49,530.0,201.0,33.0,10.0,17744.0,21725.0,81.7,204.0,73.0,0.0,423.0,3.0,1.0
12,2019/2020,Newcastle Utd,11,11,16,38,58,44,398.0,132.0,14.0,0.0,10606.0,14566.0,72.8,151.0,66.0,3.0,370.0,2.0,2.0
13,2019/2020,Crystal Palace,11,10,17,31,50,43,407.0,126.0,16.0,2.0,14965.0,18869.0,79.3,162.0,68.0,3.0,363.0,7.0,3.0
14,2019/2020,Brighton,9,14,15,39,54,41,352.0,109.0,4.0,1.0,12125.0,16858.0,71.9,212.0,63.0,2.0,412.0,3.0,0.0
15,2019/2020,West Ham,10,9,19,49,62,39,494.0,171.0,27.0,2.0,12488.0,17468.0,71.5,210.0,55.0,4.0,450.0,4.0,1.0
16,2019/2020,Aston Villa,9,8,21,41,67,35,440.0,154.0,21.0,3.0,16101.0,20296.0,79.3,200.0,84.0,3.0,423.0,7.0,2.0
17,2019/2020,Bournemouth,9,7,22,40,65,34,416.0,112.0,18.0,7.0,11230.0,15775.0,71.2,167.0,80.0,3.0,481.0,9.0,3.0
18,2019/2020,Watford,8,10,20,36,64,34,413.0,156.0,13.0,4.0,12451.0,16861.0,73.8,190.0,64.0,1.0,387.0,6.0,3.0
19,2019/2020,Norwich City,5,6,27,26,75,21,457.0,142.0,13.0,4.0,14298.0,18474.0,77.4,193.0,61.0,2.0,407.0,3.0,1.0
0,2018/2019,Manchester City,32,2,4,95,23,98,462.0,159.0,11.0,4.0,18425.0,22549.0,81.7,209.0,74.0,2.0,412.0,7.0,1.0
1,2018/2019,Liverpool,30,7,1,89,22,97,437.0,153.0,16.0,7.0,13505.0,17650.0,76.5,191.0,60.0,1.0,340.0,5.0,3.0
2,2018/2019,Chelsea,21,9,8,63,39,72,364.0,99.0,12.0,5.0,11491.0,15824.0,72.6,156.0,62.0,4.0,463.0,10.0,0.0
3,2018/2019,Tottenham,23,2,13,67,39,71,358.0,112.0,14.0,2.0,10134.0,14793.0,68.5,139.0,75.0,1.0,360.0,3.0,4.0
4,2018/2019,Arsenal,21,7,10,73,51,70,413.0,113.0,13.0,3.0,7170.0,11715.0,61.2,168.0,66.0,1.0,374.0,7.0,0.0
5,2018/2019,Manchester Utd,19,9,10,65,54,66,602.0,192.0,30.0,5.0,22960.0,26774.0,85.8,215.0,49.0,0.0,339.0,2.0,0.0
6,2018/2019,Wolves,16,9,13,47,46,57,482.0,135.0,16.0,10.0,12697.0,16870.0,75.3,205.0,59.0,2.0,386.0,5.0,1.0
7,2018/2019,Everton,15,9,14,54,46,54,493.0,163.0,20.0,2.0,13878.0,18477.0,75.1,215.0,57.0,4.0,432.0,5.0,2.0
8,2018/2019,Leicester City,15,7,16,51,48,52,451.0,140.0,10.0,2.0,15096.0,19303.0,78.2,161.0,72.0,2.0,423.0,7.0,2.0
9,2018/2019,West Ham,15,7,16,52,55,52,400.0,116.0,15.0,1.0,13045.0,17777.0,73.4,162.0,57.0,4.0,420.0,9.0,1.0
10,2018/2019,Watford,14,8,16,52,59,50,508.0,173.0,19.0,5.0,14640.0,19068.0,76.8,210.0,63.0,5.0,351.0,5.0,0.0
11,2018/2019,Crystal Palace,14,7,17,51,53,49,568.0,211.0,20.0,7.0,21146.0,25571.0,82.7,249.0,41.0,2.0,315.0,1.0,0.0
12,2018/2019,Newcastle Utd,12,9,17,42,48,45,679.0,252.0,21.0,3.0,24678.0,28389.0,86.9,298.0,44.0,1.0,328.0,4.0,0.0
13,2018/2019,Bournemouth,13,6,19,56,70,45,514.0,210.0,27.0,9.0,16834.0,20942.0,80.4,200.0,77.0,4.0,433.0,6.0,3.0
14,2018/2019,Burnley,11,7,20,45,68,40,443.0,136.0,16.0,1.0,10774.0,15231.0,70.7,181.0,57.0,2.0,423.0,6.0,1.0
15,2018/2019,Southampton,9,12,17,45,65,39,479.0,155.0,20.0,4.0,11463.0,15930.0,72.0,193.0,75.0,3.0,420.0,3.0,3.0
16,2018/2019,Brighton,9,9,20,35,60,36,533.0,182.0,23.0,4.0,18808.0,23056.0,81.6,194.0,58.0,3.0,376.0,5.0,3.0
17,2018/2019,Cardiff City,10,4,24,34,69,34,436.0,148.0,22.0,1.0,12550.0,16974.0,73.9,177.0,80.0,4.0,433.0,5.0,3.0
18,2018/2019,Fulham,7,5,26,34,81,26,436.0,149.0,17.0,5.0,13847.0,18038.0,76.8,188.0,59.0,1.0,331.0,5.0,1.0
19,2018/2019,Huddersfield,3,7,28,22,76,16,473.0,144.0,12.0,4.0,13961.0,18261.0,76.5,195.0,73.0,1.0,409.0,4.0,4.0
0,2017/2018,Manchester City,32,4,2,106,27,100,589.0,223.0,30.0,4.0,20878.0,25193.0,82.9,225.0,57.0,,383.0,6.0,0.0
1,2017/2018,Manchester Utd,25,6,7,68,28,81,462.0,153.0,15.0,3.0,13450.0,17962.0,74.9,218.0,57.0,,339.0,3.0,1.0
2,2017/2018,Tottenham,23,8,7,74,36,77,377.0,110.0,4.0,5.0,11838.0,16372.0,72.3,163.0,54.0,,413.0,3.0,5.0
3,2017/2018,Liverpool,21,12,5,84,38,75,378.0,126.0,16.0,0.0,10524.0,15340.0,68.6,167.0,65.0,,350.0,5.0,1.0
4,2017/2018,Chelsea,21,7,10,62,38,70,603.0,210.0,20.0,3.0,18967.0,23101.0,82.1,230.0,46.0,,363.0,2.0,2.0
5,2017/2018,Arsenal,19,6,13,74,51,63,466.0,134.0,20.0,8.0,11809.0,16114.0,73.3,210.0,72.0,,425.0,2.0,2.0
6,2017/2018,Burnley,14,12,12,36,39,54,351.0,110.0,8.0,5.0,11953.0,16472.0,72.6,150.0,55.0,,460.0,5.0,0.0
7,2017/2018,Everton,13,10,15,44,58,49,360.0,106.0,14.0,2.0,12036.0,16822.0,71.5,165.0,65.0,,397.0,6.0,1.0
8,2017/2018,Leicester City,12,11,15,56,60,47,417.0,137.0,11.0,5.0,12357.0,17124.0,72.2,203.0,60.0,,364.0,4.0,2.0
9,2017/2018,Newcastle Utd,12,8,18,39,47,44,635.0,226.0,22.0,2.0,20367.0,24900.0,81.8,230.0,44.0,,344.0,6.0,0.0
10,2017/2018,Crystal Palace,11,11,16,45,55,44,656.0,254.0,30.0,6.0,26164.0,29961.0,87.3,284.0,63.0,,344.0,2.0,2.0
11,2017/2018,Bournemouth,11,11,16,45,61,44,509.0,170.0,21.0,1.0,17765.0,21865.0,81.2,220.0,64.0,,405.0,1.0,2.0
12,2017/2018,West Ham,10,12,16,48,68,42,450.0,146.0,21.0,0.0,11071.0,15659.0,70.7,167.0,54.0,,409.0,6.0,3.0
13,2017/2018,Watford,11,8,19,44,64,41,447.0,136.0,11.0,3.0,14336.0,19027.0,75.3,227.0,65.0,,416.0,2.0,0.0
14,2017/2018,Brighton,9,13,16,34,54,40,380.0,122.0,11.0,0.0,10122.0,14569.0,69.5,136.0,62.0,,436.0,5.0,2.0
15,2017/2018,Huddersfield,9,10,19,28,58,37,338.0,95.0,15.0,1.0,13223.0,17437.0,75.8,150.0,51.0,,377.0,6.0,2.0
16,2017/2018,Southampton,7,15,16,37,56,36,620.0,209.0,28.0,2.0,19284.0,23695.0,81.4,246.0,52.0,,384.0,3.0,1.0
17,2017/2018,Swansea City,8,9,21,28,56,33,434.0,126.0,10.0,3.0,12758.0,17513.0,72.8,183.0,65.0,,441.0,6.0,1.0
18,2017/2018,Stoke City,7,12,19,35,68,33,377.0,111.0,15.0,1.0,10495.0,15004.0,69.9,176.0,73.0,,440.0,1.0,2.0
19,2017/2018,West Brom,6,13,19,31,56,31,368.0,127.0,17.0,2.0,11779.0,16197.0,72.7,161.0,75.0,,379.0,6.0,1.0
0,2016/2017,Chelsea,30,3,5,85,33,93,,201.0,,4.0,,,,,69.0,0.0,394.0,,
1,2016/2017,Tottenham,26,8,4,86,26,86,,160.0,,7.0,,,,,56.0,2.0,372.0,,
2,2016/2017,Manchester City,23,9,6,80,39,78,,121.0,,6.0,,,,,67.0,1.0,428.0,,
3,2016/2017,Liverpool,22,10,6,78,42,76,,205.0,,2.0,,,,,72.0,0.0,394.0,,
4,2016/2017,Arsenal,23,6,9,77,44,75,,137.0,,4.0,,,,,79.0,0.0,471.0,,
5,2016/2017,Manchester Utd,18,15,5,54,29,69,,192.0,,3.0,,,,,74.0,1.0,457.0,,
6,2016/2017,Everton,17,10,11,62,44,61,,126.0,,3.0,,,,,67.0,0.0,403.0,,
7,2016/2017,Southampton,12,10,16,41,48,46,,145.0,,4.0,,,,,73.0,0.0,447.0,,
8,2016/2017,Bournemouth,12,10,16,55,67,46,,236.0,,7.0,,,,,54.0,0.0,396.0,,
9,2016/2017,West Brom,12,9,17,43,51,45,,215.0,,7.0,,,,,71.0,0.0,395.0,,
10,2016/2017,West Ham,12,9,17,47,64,45,,207.0,,3.0,,,,,80.0,1.0,498.0,,
11,2016/2017,Leicester City,12,8,18,48,63,44,,98.0,,2.0,,,,,79.0,1.0,480.0,,
12,2016/2017,Stoke City,11,11,16,41,56,44,,179.0,,3.0,,,,,61.0,1.0,426.0,,
13,2016/2017,Crystal Palace,12,5,21,50,63,41,,135.0,,4.0,,,,,72.0,1.0,434.0,,
14,2016/2017,Swansea City,12,5,21,45,70,41,,122.0,,5.0,,,,,84.0,3.0,437.0,,
15,2016/2017,Burnley,11,7,20,39,55,40,,145.0,,3.0,,,,,56.0,0.0,399.0,,
16,2016/2017,Watford,11,7,20,40,68,40,,257.0,,7.0,,,,,62.0,0.0,431.0,,
17,2016/2017,Hull City,9,7,22,37,80,34,,143.0,,3.0,,,,,90.0,3.0,514.0,,
18,2016/2017,Middlesbrough,5,13,20,27,53,28,,124.0,,1.0,,,,,80.0,0.0,448.0,,
19,2016/2017,Sunderland,6,6,26,29,69,24,,136.0,,3.0,,,,,86.0,4.0,408.0,,
0,2015/2016,Leicester City,23,12,3,68,36,81,,210.0,,1.0,,,,,45.0,0.0,348.0,,
1,2015/2016,Arsenal,20,11,7,65,36,71,,110.0,,2.0,,,,,77.0,0.0,429.0,,
2,2015/2016,Tottenham,19,13,6,69,35,70,,143.0,,3.0,,,,,53.0,0.0,361.0,,
3,2015/2016,Manchester City,19,9,10,71,41,66,,172.0,,4.0,,,,,62.0,0.0,401.0,,
4,2015/2016,Manchester Utd,19,9,10,49,35,66,,153.0,,4.0,,,,,62.0,0.0,465.0,,
5,2015/2016,Southampton,18,9,11,59,41,63,,174.0,,4.0,,,,,50.0,0.0,306.0,,
6,2015/2016,West Ham,16,14,8,65,51,62,,179.0,,10.0,,,,,54.0,0.0,406.0,,
7,2015/2016,Liverpool,16,12,10,63,50,60,,199.0,,2.0,,,,,67.0,0.0,410.0,,
8,2015/2016,Stoke City,14,9,15,41,55,51,,210.0,,5.0,,,,,63.0,0.0,409.0,,
9,2015/2016,Chelsea,12,14,12,59,53,50,,144.0,,3.0,,,,,67.0,0.0,473.0,,
10,2015/2016,Everton,11,14,13,59,55,47,,150.0,,3.0,,,,,61.0,0.0,419.0,,
11,2015/2016,Swansea City,12,11,15,42,52,47,,130.0,,1.0,,,,,64.0,0.0,431.0,,
12,2015/2016,Watford,12,9,17,40,50,45,,165.0,,3.0,,,,,63.0,0.0,417.0,,
13,2015/2016,West Brom,10,13,15,34,48,43,,127.0,,5.0,,,,,53.0,0.0,420.0,,
14,2015/2016,Crystal Palace,11,9,18,39,51,42,,173.0,,3.0,,,,,68.0,0.0,484.0,,
15,2015/2016,Bournemouth,11,9,18,45,67,42,,135.0,,5.0,,,,,60.0,0.0,392.0,,
16,2015/2016,Sunderland,9,12,17,48,62,39,,250.0,,5.0,,,,,72.0,0.0,451.0,,
17,2015/2016,Newcastle Utd,9,10,19,44,65,37,,139.0,,6.0,,,,,77.0,0.0,455.0,,
18,2015/2016,Norwich City,9,7,22,39,67,34,,108.0,,1.0,,,,,65.0,0.0,400.0,,
19,2015/2016,Aston Villa,3,8,27,27,76,17,,186.0,,4.0,,,,,57.0,0.0,381.0,,
0,2014/2015,Chelsea,26,9,3,73,32,87,,226.0,,6.0,,,,,69.0,0.0,377.0,,
1,2014/2015,Manchester City,24,7,7,83,38,79,,127.0,,1.0,,,,,76.0,0.0,398.0,,
2,2014/2015,Arsenal,22,9,7,71,36,75,,124.0,,1.0,,,,,66.0,0.0,406.0,,
3,2014/2015,Manchester Utd,20,10,8,62,37,70,,209.0,,4.0,,,,,75.0,0.0,382.0,,
4,2014/2015,Tottenham,19,7,12,58,53,64,,139.0,,5.0,,,,,70.0,0.0,527.0,,
5,2014/2015,Liverpool,18,8,12,52,48,62,,167.0,,4.0,,,,,71.0,0.0,387.0,,
6,2014/2015,Southampton,18,6,14,54,33,60,,131.0,,1.0,,,,,75.0,0.0,451.0,,
7,2014/2015,Swansea City,16,8,14,46,49,56,,137.0,,3.0,,,,,49.0,0.0,485.0,,
8,2014/2015,Stoke City,15,9,14,48,45,54,,193.0,,5.0,,,,,70.0,0.0,386.0,,
9,2014/2015,Crystal Palace,13,9,16,47,51,48,,228.0,,7.0,,,,,82.0,0.0,445.0,,
10,2014/2015,Everton,12,11,15,48,50,47,,177.0,,3.0,,,,,68.0,0.0,452.0,,
11,2014/2015,West Ham,12,11,15,44,47,47,,140.0,,1.0,,,,,78.0,0.0,433.0,,
12,2014/2015,West Brom,11,11,16,38,51,44,,149.0,,3.0,,,,,79.0,0.0,450.0,,
13,2014/2015,Leicester City,11,8,19,46,55,41,,167.0,,2.0,,,,,59.0,0.0,468.0,,
14,2014/2015,Newcastle Utd,10,9,19,40,63,39,,136.0,,3.0,,,,,84.0,0.0,477.0,,
15,2014/2015,Sunderland,7,17,14,31,53,38,,129.0,,4.0,,,,,96.0,0.0,440.0,,
16,2014/2015,Aston Villa,10,8,20,31,57,38,,146.0,,2.0,,,,,54.0,0.0,397.0,,
17,2014/2015,Hull City,8,11,19,33,51,35,,171.0,,3.0,,,,,81.0,0.0,442.0,,
18,2014/2015,Burnley,7,12,19,28,53,33,,132.0,,4.0,,,,,64.0,0.0,420.0,,
19,2014/2015,QPR,8,6,24,42,73,30,,153.0,,1.0,,,,,66.0,0.0,416.0,,
0,2013/2014,Manchester City,27,5,6,102,37,86,,254.0,,3.0,,,,,54.0,0.0,326.0,,
1,2013/2014,Liverpool,26,6,6,101,50,84,,136.0,,2.0,,,,,78.0,0.0,483.0,,
2,2013/2014,Chelsea,25,7,6,71,27,82,,125.0,,1.0,,,,,49.0,0.0,348.0,,
3,2013/2014,Arsenal,24,7,7,68,41,79,,281.0,,5.0,,,,,62.0,0.0,424.0,,
4,2013/2014,Everton,21,9,8,61,39,72,,142.0,,5.0,,,,,55.0,0.0,408.0,,
5,2013/2014,Tottenham,21,6,11,55,51,69,,235.0,,3.0,,,,,55.0,0.0,360.0,,
6,2013/2014,Manchester Utd,19,7,12,64,43,64,,149.0,,2.0,,,,,59.0,0.0,385.0,,
7,2013/2014,Southampton,15,11,12,54,46,56,,129.0,,2.0,,,,,55.0,0.0,418.0,,
8,2013/2014,Stoke City,13,11,14,45,52,50,,300.0,,10.0,,,,,53.0,0.0,410.0,,
9,2013/2014,Newcastle Utd,15,4,19,43,59,49,,239.0,,6.0,,,,,72.0,0.0,393.0,,
10,2013/2014,Crystal Palace,13,6,19,33,48,45,,234.0,,5.0,,,,,70.0,0.0,400.0,,
11,2013/2014,Swansea City,11,9,18,54,54,42,,185.0,,2.0,,,,,54.0,0.0,412.0,,
12,2013/2014,West Ham,11,7,20,40,51,40,,145.0,,1.0,,,,,64.0,0.0,425.0,,
13,2013/2014,Sunderland,10,8,20,41,60,38,,181.0,,3.0,,,,,61.0,0.0,444.0,,
14,2013/2014,Aston Villa,10,8,20,39,61,38,,142.0,,4.0,,,,,79.0,0.0,486.0,,
15,2013/2014,Hull City,10,7,21,38,53,37,,135.0,,6.0,,,,,68.0,0.0,444.0,,
16,2013/2014,West Brom,7,15,16,43,59,36,,163.0,,4.0,,,,,58.0,0.0,374.0,,
17,2013/2014,Norwich City,8,9,21,28,62,33,,228.0,,5.0,,,,,65.0,0.0,403.0,,
18,2013/2014,Fulham,9,5,24,40,85,32,,145.0,,2.0,,,,,67.0,0.0,424.0,,
19,2013/2014,Cardiff City,7,9,22,32,74,30,,123.0,,2.0,,,,,65.0,0.0,402.0,,
0,2012/2013,Manchester Utd,28,5,5,86,43,89,,272.0,,5.0,,,,,46.0,4.0,374.0,,
1,2012/2013,Manchester City,23,9,6,66,34,78,,176.0,,3.0,,,,,75.0,3.0,457.0,,
2,2012/2013,Chelsea,22,9,7,75,39,75,,257.0,,9.0,,,,,54.0,3.0,370.0,,
3,2012/2013,Arsenal,21,10,7,72,37,73,,266.0,,2.0,,,,,63.0,3.0,446.0,,
4,2012/2013,Tottenham,21,9,8,66,46,72,,205.0,,6.0,,,,,48.0,3.0,420.0,,
5,2012/2013,Everton,16,15,7,55,40,63,,297.0,,5.0,,,,,54.0,2.0,399.0,,
6,2012/2013,Liverpool,16,13,9,71,43,61,,285.0,,4.0,,,,,64.0,3.0,456.0,,
7,2012/2013,West Brom,14,7,17,53,57,49,,243.0,,4.0,,,,,56.0,1.0,371.0,,
8,2012/2013,Swansea City,11,13,14,47,51,46,,208.0,,4.0,,,,,75.0,4.0,459.0,,
9,2012/2013,West Ham,12,10,16,45,53,46,,177.0,,1.0,,,,,60.0,1.0,421.0,,
10,2012/2013,Norwich City,10,14,14,41,58,44,,183.0,,1.0,,,,,61.0,3.0,397.0,,
11,2012/2013,Fulham,11,10,17,50,60,43,,146.0,,4.0,,,,,45.0,1.0,387.0,,
12,2012/2013,Stoke City,9,15,14,34,45,42,,207.0,,3.0,,,,,43.0,2.0,406.0,,
13,2012/2013,Southampton,9,14,15,49,60,41,,144.0,,3.0,,,,,83.0,4.0,485.0,,
14,2012/2013,Aston Villa,10,11,17,47,69,41,,164.0,,4.0,,,,,63.0,3.0,454.0,,
15,2012/2013,Newcastle Utd,11,8,19,45,68,41,,209.0,,0.0,,,,,59.0,2.0,399.0,,
16,2012/2013,Sunderland,9,12,17,41,54,39,,284.0,,0.0,,,,,54.0,2.0,382.0,,
17,2012/2013,Wigan Athletic,9,9,20,47,73,36,,200.0,,5.0,,,,,62.0,4.0,429.0,,
18,2012/2013,Reading,6,10,22,43,73,28,,206.0,,4.0,,,,,74.0,1.0,467.0,,
19,2012/2013,QPR,4,13,21,30,60,25,,209.0,,1.0,,,,,66.0,2.0,444.0,,
0,2011/2012,Manchester City,28,5,5,93,29,89,,230.0,,2.0,,,,,70.0,4.0,405.0,,
1,2011/2012,Manchester Utd,28,5,5,89,33,89,,146.0,,3.0,,,,,71.0,2.0,415.0,,
2,2011/2012,Arsenal,21,7,10,74,49,70,,150.0,,4.0,,,,,69.0,5.0,442.0,,
3,2011/2012,Tottenham,20,9,9,66,41,69,,159.0,,5.0,,,,,52.0,5.0,448.0,,
4,2011/2012,Newcastle Utd,19,8,11,56,51,65,,232.0,,4.0,,,,,76.0,4.0,419.0,,
5,2011/2012,Chelsea,18,10,10,65,46,64,,166.0,,5.0,,,,,61.0,2.0,452.0,,
6,2011/2012,Everton,15,11,12,50,40,56,,197.0,,3.0,,,,,54.0,0.0,370.0,,
7,2011/2012,Liverpool,14,10,14,47,40,52,,210.0,,1.0,,,,,58.0,5.0,390.0,,
8,2011/2012,Fulham,14,10,14,48,51,52,,262.0,,7.0,,,,,59.0,5.0,422.0,,
9,2011/2012,West Brom,13,8,17,45,52,47,,255.0,,9.0,,,,,51.0,1.0,378.0,,
10,2011/2012,Swansea City,12,11,15,44,51,47,,157.0,,2.0,,,,,67.0,2.0,405.0,,
11,2011/2012,Norwich City,12,11,15,52,66,47,,171.0,,2.0,,,,,60.0,3.0,399.0,,
12,2011/2012,Sunderland,11,12,15,45,46,45,,156.0,,2.0,,,,,59.0,9.0,405.0,,
13,2011/2012,Stoke City,11,12,15,36,53,45,,105.0,,4.0,,,,,60.0,2.0,446.0,,
14,2011/2012,Wigan Athletic,11,10,17,42,62,43,,147.0,,1.0,,,,,62.0,4.0,396.0,,
15,2011/2012,Aston Villa,7,17,14,37,53,38,,149.0,,5.0,,,,,41.0,2.0,313.0,,
16,2011/2012,QPR,10,7,21,43,66,37,,240.0,,4.0,,,,,47.0,3.0,381.0,,
17,2011/2012,Bolton,10,6,22,46,77,36,,184.0,,1.0,,,,,48.0,1.0,421.0,,
18,2011/2012,Blackburn,8,7,23,48,78,31,,161.0,,5.0,,,,,69.0,3.0,468.0,,
19,2011/2012,Wolves,5,10,23,40,82,25,,152.0,,3.0,,,,,64.0,4.0,364.0,,
0,2010/2011,Manchester Utd,23,11,4,78,37,80,,243.0,,4.0,,,,,70.0,6.0,442.0,,
1,2010/2011,Chelsea,21,8,9,69,33,71,,167.0,,4.0,,,,,71.0,2.0,448.0,,
2,2010/2011,Manchester City,21,8,9,60,33,71,,122.0,,2.0,,,,,59.0,3.0,420.0,,
3,2010/2011,Arsenal,19,11,8,72,43,68,,143.0,,1.0,,,,,66.0,5.0,465.0,,
4,2010/2011,Tottenham,16,14,8,55,46,62,,171.0,,7.0,,,,,47.0,2.0,433.0,,
5,2010/2011,Liverpool,17,7,14,59,44,58,,176.0,,4.0,,,,,70.0,5.0,503.0,,
6,2010/2011,Everton,13,15,10,51,45,54,,241.0,,6.0,,,,,56.0,1.0,433.0,,
7,2010/2011,Fulham,11,16,11,49,43,49,,192.0,,3.0,,,,,60.0,5.0,482.0,,
8,2010/2011,Aston Villa,12,12,14,48,59,48,,182.0,,2.0,,,,,52.0,1.0,477.0,,
9,2010/2011,Sunderland,12,11,15,45,56,47,,204.0,,7.0,,,,,64.0,2.0,458.0,,
10,2010/2011,West Brom,12,11,15,56,71,47,,182.0,,8.0,,,,,76.0,5.0,481.0,,
11,2010/2011,Newcastle Utd,11,13,14,56,57,46,,218.0,,3.0,,,,,59.0,3.0,420.0,,
12,2010/2011,Stoke City,13,7,18,46,48,46,,179.0,,5.0,,,,,76.0,2.0,462.0,,
13,2010/2011,Bolton,12,10,16,52,56,46,,146.0,,3.0,,,,,70.0,2.0,428.0,,
14,2010/2011,Blackburn,11,10,17,46,59,43,,159.0,,4.0,,,,,64.0,5.0,432.0,,
15,2010/2011,Wigan Athletic,9,15,14,40,61,42,,202.0,,5.0,,,,,51.0,2.0,382.0,,
16,2010/2011,Wolves,11,7,20,46,66,40,,183.0,,4.0,,,,,55.0,7.0,425.0,,
17,2010/2011,Birmingham City,8,15,15,37,58,39,,176.0,,5.0,,,,,59.0,1.0,447.0,,
18,2010/2011,Blackpool,10,9,19,55,78,39,,175.0,,2.0,,,,,69.0,4.0,484.0,,
19,2010/2011,West Ham,7,12,19,43,70,33,,145.0,,3.0,,,,,63.0,2.0,473.0,,
0,2009/2010,Chelsea,27,5,6,103,32,86,,237.0,,3.0,,,,,56.0,1.0,468.0,,
1,2009/2010,Manchester Utd,27,4,7,86,28,85,,164.0,,5.0,,,,,62.0,2.0,504.0,,
2,2009/2010,Arsenal,23,6,9,83,41,75,,156.0,,2.0,,,,,72.0,1.0,449.0,,
3,2009/2010,Tottenham,21,7,10,67,41,70,,166.0,,3.0,,,,,61.0,2.0,538.0,,
4,2009/2010,Manchester City,18,13,7,73,45,67,,171.0,,4.0,,,,,78.0,5.0,552.0,,
5,2009/2010,Aston Villa,17,13,8,52,39,64,,154.0,,6.0,,,,,57.0,2.0,451.0,,
6,2009/2010,Liverpool,18,9,11,61,35,63,,284.0,,11.0,,,,,60.0,5.0,461.0,,
7,2009/2010,Everton,16,13,9,60,49,61,,206.0,,5.0,,,,,58.0,2.0,511.0,,
8,2009/2010,Birmingham City,13,11,14,38,47,50,,141.0,,4.0,,,,,46.0,1.0,465.0,,
9,2009/2010,Blackburn,13,11,14,41,55,50,,120.0,,6.0,,,,,70.0,6.0,554.0,,
10,2009/2010,Stoke City,11,14,13,34,48,47,,192.0,,3.0,,,,,57.0,5.0,457.0,,
11,2009/2010,Fulham,12,10,16,39,46,46,,199.0,,5.0,,,,,50.0,2.0,443.0,,
12,2009/2010,Sunderland,11,11,16,48,56,44,,246.0,,6.0,,,,,51.0,4.0,441.0,,
13,2009/2010,Bolton,10,9,19,42,67,39,,149.0,,3.0,,,,,76.0,5.0,500.0,,
14,2009/2010,Wolves,9,11,18,32,56,38,,119.0,,2.0,,,,,69.0,5.0,476.0,,
15,2009/2010,Wigan Athletic,9,9,20,37,79,36,,152.0,,6.0,,,,,87.0,9.0,540.0,,
16,2009/2010,West Ham,8,11,19,47,66,35,,230.0,,2.0,,,,,58.0,1.0,453.0,,
17,2009/2010,Burnley,8,6,24,42,82,30,,187.0,,7.0,,,,,69.0,3.0,539.0,,
18,2009/2010,Hull City,6,12,20,34,75,30,,182.0,,1.0,,,,,64.0,3.0,500.0,,
19,2009/2010,Portsmouth,7,7,24,34,66,19,,142.0,,2.0,,,,,65.0,4.0,513.0,,
0,2008/2009,Manchester Utd,28,6,4,68,24,90,,231.0,,5.0,,,,,63.0,3.0,449.0,,
1,2008/2009,Liverpool,25,11,2,77,27,86,,180.0,,4.0,,,,,53.0,2.0,462.0,,
2,2008/2009,Chelsea,25,8,5,68,24,83,,153.0,,4.0,,,,,80.0,4.0,546.0,,
3,2008/2009,Arsenal,20,12,6,68,37,72,,185.0,,0.0,,,,,61.0,1.0,527.0,,
4,2008/2009,Everton,17,12,9,55,37,63,,285.0,,2.0,,,,,48.0,2.0,438.0,,
5,2008/2009,Aston Villa,17,11,10,54,48,62,,200.0,,4.0,,,,,49.0,1.0,512.0,,
6,2008/2009,Fulham,14,11,13,39,34,53,,173.0,,5.0,,,,,42.0,1.0,446.0,,
7,2008/2009,Tottenham,14,9,15,45,45,51,,160.0,,3.0,,,,,71.0,3.0,568.0,,
8,2008/2009,West Ham,14,9,15,42,45,51,,269.0,,5.0,,,,,50.0,0.0,447.0,,
9,2008/2009,Manchester City,15,5,18,58,50,50,,213.0,,6.0,,,,,52.0,4.0,492.0,,
10,2008/2009,Wigan Athletic,12,9,17,34,45,45,,272.0,,4.0,,,,,67.0,5.0,425.0,,
11,2008/2009,Stoke City,12,9,17,38,55,45,,153.0,,1.0,,,,,57.0,3.0,450.0,,
12,2008/2009,Bolton,11,8,19,41,53,41,,149.0,,4.0,,,,,62.0,8.0,438.0,,
13,2008/2009,Portsmouth,10,11,17,38,57,41,,163.0,,2.0,,,,,66.0,5.0,460.0,,
14,2008/2009,Blackburn,10,11,17,40,60,41,,120.0,,5.0,,,,,75.0,5.0,515.0,,
15,2008/2009,Sunderland,9,9,20,34,54,36,,164.0,,1.0,,,,,69.0,1.0,399.0,,
16,2008/2009,Hull City,8,11,19,39,64,35,,209.0,,3.0,,,,,56.0,5.0,460.0,,
17,2008/2009,Newcastle Utd,7,13,18,40,59,34,,182.0,,3.0,,,,,65.0,1.0,466.0,,
18,2008/2009,Middlesbrough,7,11,20,28,57,32,,180.0,,1.0,,,,,70.0,4.0,500.0,,
19,2008/2009,West Brom,8,8,22,36,67,32,,183.0,,5.0,,,,,65.0,4.0,465.0,,
0,2007/2008,Manchester Utd,27,6,5,80,22,87,,250.0,,5.0,,,,,57.0,3.0,389.0,,
1,2007/2008,Chelsea,25,10,3,65,26,85,,200.0,,6.0,,,,,55.0,4.0,523.0,,
2,2007/2008,Arsenal,24,11,3,74,31,83,,178.0,,6.0,,,,,68.0,3.0,502.0,,
3,2007/2008,Liverpool,21,13,4,67,28,76,,219.0,,5.0,,,,,78.0,6.0,552.0,,
4,2007/2008,Everton,19,8,11,55,33,65,,162.0,,0.0,,,,,76.0,0.0,499.0,,
5,2007/2008,Aston Villa,16,12,10,71,51,60,,207.0,,7.0,,,,,65.0,5.0,431.0,,
6,2007/2008,Blackburn,15,13,10,50,48,58,,141.0,,0.0,,,,,64.0,1.0,515.0,,
7,2007/2008,Portsmouth,16,9,13,48,40,57,,190.0,,1.0,,,,,40.0,3.0,474.0,,
8,2007/2008,Manchester City,15,10,13,45,53,55,,174.0,,2.0,,,,,64.0,6.0,477.0,,
9,2007/2008,West Ham,13,10,15,42,50,49,,266.0,,5.0,,,,,46.0,1.0,440.0,,
10,2007/2008,Tottenham,11,13,14,66,61,46,,169.0,,2.0,,,,,49.0,4.0,395.0,,
11,2007/2008,Newcastle Utd,11,10,17,45,65,43,,301.0,,6.0,,,,,51.0,2.0,406.0,,
12,2007/2008,Middlesbrough,10,12,16,43,53,42,,181.0,,2.0,,,,,85.0,2.0,516.0,,
13,2007/2008,Wigan Athletic,10,10,18,34,51,40,,174.0,,4.0,,,,,61.0,1.0,470.0,,
14,2007/2008,Sunderland,11,6,21,36,59,39,,185.0,,4.0,,,,,59.0,3.0,528.0,,
15,2007/2008,Bolton,9,10,19,36,54,37,,183.0,,2.0,,,,,62.0,5.0,451.0,,
16,2007/2008,Fulham,8,12,18,38,60,36,,153.0,,1.0,,,,,63.0,4.0,502.0,,
17,2007/2008,Reading,10,6,22,41,66,36,,236.0,,4.0,,,,,52.0,1.0,385.0,,
18,2007/2008,Birmingham City,8,11,19,46,62,35,,179.0,,2.0,,,,,65.0,2.0,517.0,,
19,2007/2008,Derby County,1,8,29,20,89,11,,184.0,,4.0,,,,,63.0,4.0,502.0,,
0,2006/2007,Manchester Utd,28,5,5,83,27,89,,249.0,,10.0,,,,,60.0,3.0,367.0,,
1,2006/2007,Chelsea,24,11,3,64,24,83,,228.0,,6.0,,,,,48.0,1.0,541.0,,
2,2006/2007,Liverpool,20,8,10,57,27,68,,211.0,,5.0,,,,,84.0,8.0,497.0,,
3,2006/2007,Arsenal,19,11,8,63,35,68,,195.0,,6.0,,,,,85.0,4.0,528.0,,
4,2006/2007,Tottenham,17,9,12,57,54,60,,172.0,,4.0,,,,,60.0,4.0,443.0,,
5,2006/2007,Everton,15,13,10,52,36,58,,235.0,,3.0,,,,,66.0,4.0,437.0,,
6,2006/2007,Bolton,16,8,14,47,52,56,,200.0,,8.0,,,,,69.0,2.0,523.0,,
7,2006/2007,Reading,16,7,15,52,47,55,,177.0,,3.0,,,,,60.0,3.0,459.0,,
8,2006/2007,Portsmouth,14,12,12,45,42,54,,249.0,,6.0,,,,,43.0,0.0,446.0,,
9,2006/2007,Blackburn,15,7,16,52,54,52,,179.0,,2.0,,,,,62.0,4.0,493.0,,
10,2006/2007,Aston Villa,11,17,10,43,41,50,,300.0,,5.0,,,,,58.0,1.0,426.0,,
11,2006/2007,Middlesbrough,12,10,16,44,49,46,,169.0,,4.0,,,,,66.0,2.0,489.0,,
12,2006/2007,Newcastle Utd,11,10,17,38,47,43,,182.0,,5.0,,,,,67.0,1.0,461.0,,
13,2006/2007,Manchester City,11,9,18,29,44,42,,195.0,,2.0,,,,,51.0,1.0,505.0,,
14,2006/2007,West Ham,12,5,21,35,59,41,,167.0,,3.0,,,,,41.0,3.0,400.0,,
15,2006/2007,Fulham,8,15,15,38,60,39,,193.0,,2.0,,,,,68.0,2.0,438.0,,
16,2006/2007,Wigan Athletic,10,8,20,37,59,38,,214.0,,5.0,,,,,47.0,4.0,410.0,,
17,2006/2007,Sheffield Utd,10,8,20,32,55,38,,144.0,,3.0,,,,,49.0,2.0,517.0,,
18,2006/2007,Charlton Ath,8,10,20,34,60,34,,149.0,,1.0,,,,,86.0,2.0,557.0,,
19,2006/2007,Watford,5,13,20,29,59,28,,188.0,,3.0,,,,,77.0,3.0,510.0,,
0,2005/2006,Chelsea,29,4,5,72,22,91,,275.0,,4.0,,,,,56.0,2.0,479.0,,
1,2005/2006,Manchester Utd,25,8,5,72,34,83,,189.0,,1.0,,,,,62.0,2.0,522.0,,
2,2005/2006,Liverpool,25,7,6,57,25,82,,171.0,,2.0,,,,,56.0,7.0,484.0,,
3,2005/2006,Arsenal,20,7,11,68,31,67,,181.0,,4.0,,,,,78.0,6.0,568.0,,
4,2005/2006,Tottenham,18,11,9,53,38,65,,204.0,,2.0,,,,,68.0,3.0,506.0,,
5,2005/2006,Blackburn,19,6,13,51,42,63,,189.0,,4.0,,,,,45.0,2.0,500.0,,
6,2005/2006,Newcastle Utd,17,7,14,47,42,58,,279.0,,4.0,,,,,65.0,5.0,435.0,,
7,2005/2006,Bolton,15,11,12,49,41,56,,206.0,,1.0,,,,,68.0,7.0,538.0,,
8,2005/2006,West Ham,16,7,15,52,55,55,,180.0,,4.0,,,,,66.0,2.0,467.0,,
9,2005/2006,Wigan Athletic,15,6,17,45,52,51,,283.0,,4.0,,,,,53.0,5.0,446.0,,
10,2005/2006,Everton,14,8,16,34,49,50,,206.0,,1.0,,,,,72.0,4.0,513.0,,
11,2005/2006,Fulham,14,6,18,48,58,48,,286.0,,2.0,,,,,61.0,2.0,483.0,,
12,2005/2006,Charlton Ath,13,8,17,41,55,47,,211.0,,5.0,,,,,56.0,3.0,490.0,,
13,2005/2006,Middlesbrough,12,9,17,48,58,45,,209.0,,5.0,,,,,68.0,6.0,593.0,,
14,2005/2006,Manchester City,13,4,21,43,48,43,,227.0,,2.0,,,,,53.0,1.0,499.0,,
15,2005/2006,Aston Villa,10,12,16,42,55,42,,180.0,,2.0,,,,,73.0,4.0,536.0,,
16,2005/2006,Portsmouth,10,8,20,37,62,38,,231.0,,4.0,,,,,55.0,5.0,455.0,,
17,2005/2006,Birmingham City,8,10,20,28,50,34,,155.0,,1.0,,,,,47.0,2.0,466.0,,
18,2005/2006,West Brom,7,9,22,31,58,30,,164.0,,3.0,,,,,50.0,2.0,478.0,,
19,2005/2006,Sunderland,3,6,29,26,69,15,,211.0,,1.0,,,,,54.0,4.0,497.0,,
0,2004/2005,Chelsea,29,8,1,72,15,95,,301.0,,3.0,,,,,47.0,1.0,441.0,,
1,2004/2005,Arsenal,25,8,5,87,36,83,,213.0,,3.0,,,,,57.0,2.0,583.0,,
2,2004/2005,Manchester Utd,22,11,5,58,26,77,,158.0,,2.0,,,,,63.0,3.0,492.0,,
3,2004/2005,Everton,18,7,13,45,46,61,,196.0,,2.0,,,,,75.0,5.0,554.0,,
4,2004/2005,Liverpool,17,7,14,52,41,58,,260.0,,5.0,,,,,54.0,2.0,538.0,,
5,2004/2005,Bolton,16,10,12,49,44,58,,171.0,,0.0,,,,,39.0,4.0,450.0,,
6,2004/2005,Middlesbrough,14,13,11,53,46,55,,310.0,,5.0,,,,,51.0,0.0,479.0,,
7,2004/2005,Manchester City,13,13,12,47,39,52,,191.0,,10.0,,,,,59.0,3.0,539.0,,
8,2004/2005,Tottenham,14,10,14,47,41,52,,173.0,,2.0,,,,,57.0,4.0,508.0,,
9,2004/2005,Aston Villa,12,11,15,45,52,47,,187.0,,2.0,,,,,57.0,7.0,477.0,,
10,2004/2005,Charlton Ath,12,10,16,42,58,46,,245.0,,3.0,,,,,45.0,2.0,430.0,,
11,2004/2005,Birmingham City,11,12,15,40,46,45,,213.0,,5.0,,,,,44.0,3.0,475.0,,
12,2004/2005,Fulham,12,8,18,52,60,44,,337.0,,3.0,,,,,52.0,5.0,477.0,,
13,2004/2005,Newcastle Utd,10,14,14,47,57,44,,242.0,,1.0,,,,,55.0,2.0,474.0,,
14,2004/2005,Blackburn,9,15,14,32,43,42,,240.0,,3.0,,,,,60.0,5.0,526.0,,
15,2004/2005,Portsmouth,10,9,19,43,59,39,,183.0,,3.0,,,,,35.0,2.0,534.0,,
16,2004/2005,West Brom,6,16,16,36,61,34,,173.0,,6.0,,,,,54.0,2.0,393.0,,
17,2004/2005,Crystal Palace,7,12,19,41,62,33,,173.0,,3.0,,,,,45.0,2.0,431.0,,
18,2004/2005,Norwich City,7,12,19,42,77,33,,242.0,,1.0,,,,,58.0,1.0,424.0,,
19,2004/2005,Southampton,6,14,18,45,66,32,,191.0,,2.0,,,,,44.0,5.0,512.0,,
0,2003/2004,Arsenal,26,12,0,73,26,90,,235.0,,7.0,,,,,53.0,3.0,532.0,,
1,2003/2004,Chelsea,24,7,7,67,30,79,,182.0,,4.0,,,,,52.0,3.0,609.0,,
2,2003/2004,Manchester Utd,23,6,9,64,35,75,,161.0,,4.0,,,,,46.0,5.0,560.0,,
3,2003/2004,Liverpool,16,12,10,55,37,60,,184.0,,0.0,,,,,61.0,3.0,556.0,,
4,2003/2004,Newcastle Utd,13,17,8,52,40,56,,212.0,,1.0,,,,,66.0,0.0,521.0,,
5,2003/2004,Aston Villa,15,11,12,48,44,56,,154.0,,6.0,,,,,38.0,3.0,494.0,,
6,2003/2004,Charlton Ath,14,11,13,51,51,53,,216.0,,4.0,,,,,46.0,3.0,543.0,,
7,2003/2004,Bolton,14,11,13,48,56,53,,160.0,,1.0,,,,,54.0,3.0,474.0,,
8,2003/2004,Fulham,14,10,14,52,46,52,,154.0,,2.0,,,,,66.0,3.0,537.0,,
9,2003/2004,Birmingham City,12,14,12,43,48,50,,134.0,,4.0,,,,,73.0,5.0,564.0,,
10,2003/2004,Middlesbrough,13,9,16,44,52,48,,168.0,,2.0,,,,,61.0,8.0,558.0,,
11,2003/2004,Southampton,12,11,15,44,45,47,,221.0,,8.0,,,,,46.0,1.0,479.0,,
12,2003/2004,Portsmouth,12,9,17,47,54,45,,198.0,,4.0,,,,,50.0,3.0,463.0,,
13,2003/2004,Tottenham,13,6,19,47,57,45,,182.0,,1.0,,,,,46.0,3.0,448.0,,
14,2003/2004,Blackburn,12,8,18,51,59,44,,182.0,,3.0,,,,,59.0,1.0,554.0,,
15,2003/2004,Manchester City,9,14,15,55,54,41,,178.0,,7.0,,,,,48.0,3.0,534.0,,
16,2003/2004,Everton,9,12,17,45,57,39,,167.0,,3.0,,,,,63.0,3.0,603.0,,
17,2003/2004,Leicester City,6,15,17,48,65,33,,175.0,,2.0,,,,,54.0,3.0,504.0,,
18,2003/2004,Leeds United,8,9,21,40,79,33,,186.0,,3.0,,,,,61.0,0.0,595.0,,
19,2003/2004,Wolves,7,12,19,38,77,33,,177.0,,1.0,,,,,68.0,2.0,520.0,,
0,2002/2003,Manchester Utd,25,8,5,74,34,83,,259.0,,5.0,,,,,56.0,2.0,515.0,,
1,2002/2003,Arsenal,23,9,6,85,42,78,,196.0,,3.0,,,,,66.0,4.0,571.0,,
2,2002/2003,Newcastle Utd,21,6,11,63,48,69,,141.0,,4.0,,,,,74.0,3.0,553.0,,
3,2002/2003,Chelsea,19,10,9,68,38,67,,174.0,,5.0,,,,,66.0,4.0,590.0,,
4,2002/2003,Liverpool,18,10,10,61,41,64,,152.0,,1.0,,,,,71.0,3.0,464.0,,
5,2002/2003,Blackburn,16,12,10,52,43,60,,156.0,,4.0,,,,,56.0,1.0,533.0,,
6,2002/2003,Everton,17,8,13,48,49,59,,222.0,,3.0,,,,,62.0,1.0,498.0,,
7,2002/2003,Southampton,13,13,12,43,46,52,,182.0,,4.0,,,,,56.0,5.0,514.0,,
8,2002/2003,Manchester City,15,6,17,47,54,51,,182.0,,6.0,,,,,58.0,6.0,540.0,,
9,2002/2003,Tottenham,14,8,16,51,62,50,,176.0,,4.0,,,,,73.0,1.0,568.0,,
10,2002/2003,Middlesbrough,13,10,15,48,44,49,,209.0,,4.0,,,,,48.0,1.0,439.0,,
11,2002/2003,Charlton Ath,14,7,17,45,56,49,,168.0,,2.0,,,,,58.0,5.0,510.0,,
12,2002/2003,Birmingham City,13,9,16,41,49,48,,235.0,,9.0,,,,,46.0,1.0,488.0,,
13,2002/2003,Fulham,13,9,16,41,50,48,,139.0,,2.0,,,,,53.0,4.0,515.0,,
14,2002/2003,Leeds United,14,5,19,58,57,47,,221.0,,3.0,,,,,48.0,2.0,500.0,,
15,2002/2003,Aston Villa,12,9,17,42,47,45,,191.0,,6.0,,,,,49.0,3.0,548.0,,
16,2002/2003,Bolton,10,14,14,41,51,44,,142.0,,1.0,,,,,60.0,0.0,573.0,,
17,2002/2003,West Ham,10,12,16,42,59,42,,166.0,,3.0,,,,,64.0,4.0,497.0,,
18,2002/2003,West Brom,6,8,24,29,65,26,,167.0,,1.0,,,,,49.0,4.0,573.0,,
19,2002/2003,Sunderland,4,7,27,21,65,19,,185.0,,4.0,,,,,67.0,4.0,542.0,,
0,2001/2002,Arsenal,26,9,3,79,36,87,,292.0,,6.0,,,,,81.0,6.0,539.0,,
1,2001/2002,Liverpool,24,8,6,67,30,80,,202.0,,2.0,,,,,42.0,2.0,485.0,,
2,2001/2002,Manchester Utd,24,5,9,87,45,77,,253.0,,1.0,,,,,58.0,4.0,533.0,,
3,2001/2002,Newcastle Utd,21,8,9,74,52,71,,205.0,,0.0,,,,,58.0,6.0,506.0,,
4,2001/2002,Leeds United,18,12,8,53,37,66,,212.0,,0.0,,,,,61.0,3.0,500.0,,
5,2001/2002,Chelsea,17,13,8,66,38,64,,237.0,,3.0,,,,,71.0,2.0,438.0,,
6,2001/2002,West Ham,15,8,15,48,57,53,,163.0,,2.0,,,,,70.0,2.0,498.0,,
7,2001/2002,Aston Villa,12,14,12,46,47,50,,213.0,,3.0,,,,,62.0,4.0,584.0,,
8,2001/2002,Tottenham,14,8,16,49,53,50,,180.0,,1.0,,,,,51.0,1.0,452.0,,
9,2001/2002,Blackburn,12,10,16,55,51,46,,231.0,,1.0,,,,,42.0,1.0,471.0,,
10,2001/2002,Southampton,12,9,17,46,54,45,,267.0,,1.0,,,,,74.0,5.0,583.0,,
11,2001/2002,Middlesbrough,12,9,17,35,47,45,,167.0,,2.0,,,,,76.0,3.0,558.0,,
12,2001/2002,Fulham,10,14,14,36,44,44,,262.0,,1.0,,,,,43.0,2.0,439.0,,
13,2001/2002,Charlton Ath,10,14,14,38,49,44,,289.0,,5.0,,,,,52.0,1.0,426.0,,
14,2001/2002,Everton,11,10,17,45,57,43,,142.0,,2.0,,,,,54.0,7.0,470.0,,
15,2001/2002,Bolton,9,13,16,44,62,40,,265.0,,5.0,,,,,47.0,2.0,497.0,,
16,2001/2002,Sunderland,10,10,18,29,51,40,,168.0,,4.0,,,,,34.0,3.0,466.0,,
17,2001/2002,Ipswich Town,9,9,20,41,64,36,,190.0,,1.0,,,,,67.0,1.0,509.0,,
18,2001/2002,Derby County,8,6,24,33,63,30,,212.0,,3.0,,,,,59.0,4.0,465.0,,
19,2001/2002,Leicester City,5,13,20,30,64,28,,210.0,,4.0,,,,,68.0,3.0,497.0,,
